City_ID,City,Country,Date,Lat,Lng,Max Temp,Humidity,Cloudiness,Wind Speed
0,Punta Arenas,CL,2020-07-10 21:43:11,-53.15,-70.92,32.0,89,75,11.41
1,Torbay,CA,2020-07-10 21:46:28,47.67,-52.73,57.99,76,90,5.82
2,Bredasdorp,ZA,2020-07-10 21:44:34,-34.53,20.04,50.0,81,42,10.29
3,Qaanaaq,GL,2020-07-10 21:44:15,77.48,-69.36,45.18,59,59,2.64
4,Cabo San Lucas,MX,2020-07-10 21:46:26,22.89,-109.91,89.6,66,20,11.41
5,Cape Town,ZA,2020-07-10 21:41:45,-33.93,18.42,53.01,81,75,18.34
6,Pirgos,GR,2020-07-10 21:46:29,35.12,25.72,77.0,57,7,15.01
7,Cayenne,GF,2020-07-10 21:44:46,4.93,-52.33,84.2,70,100,4.7
8,Hilo,US,2020-07-10 21:42:27,19.73,-155.09,82.4,61,90,6.93
9,Gibraltar,GI,2020-07-10 21:46:29,36.14,-5.35,71.6,83,0,6.93
10,Khatanga,RU,2020-07-10 21:42:24,71.97,102.5,52.68,84,99,21.47
11,Alekseyevsk,RU,2020-07-10 21:46:29,57.84,108.35,64.17,81,96,1.95
12,Namatanai,PG,2020-07-10 21:46:30,-3.67,152.43,82.15,74,67,6.85
13,Lavrentiya,RU,2020-07-10 21:46:30,65.58,-171.0,51.33,74,99,1.12
14,Ganganagar,IN,2020-07-10 21:46:30,29.92,73.88,96.55,44,2,12.97
15,Sembe,CG,2020-07-10 21:46:30,1.65,14.58,71.69,88,94,1.52
16,Beira,MZ,2020-07-10 21:46:30,-19.84,34.84,68.0,100,1,6.93
17,College,US,2020-07-10 21:41:43,64.86,-147.8,66.99,37,40,8.05
18,Grindavik,IS,2020-07-10 21:46:31,63.84,-22.43,48.2,87,90,11.41
19,Jamestown,US,2020-07-10 21:43:45,42.1,-79.24,87.8,43,20,9.17
20,Ventspils,LV,2020-07-10 21:46:31,57.39,21.56,59.0,100,90,6.93
21,Dikson,RU,2020-07-10 21:46:31,73.51,80.55,43.81,78,61,14.76
22,Bluff,NZ,2020-07-10 21:42:58,-46.6,168.33,48.81,76,89,20.96
23,Ilulissat,GL,2020-07-10 21:42:24,69.22,-51.1,42.8,87,100,12.75
24,Balkhash,KZ,2020-07-10 21:46:31,46.84,74.98,73.83,55,35,10.0
25,Ushuaia,AR,2020-07-10 21:46:31,-54.8,-68.3,35.6,69,40,5.82
26,Urcos,PE,2020-07-10 21:46:32,-13.69,-71.62,58.12,41,51,7.72
27,Sarkikaraagac,TR,2020-07-10 21:46:32,38.08,31.37,63.25,58,0,4.18
28,Rikitea,PF,2020-07-10 21:44:03,-23.12,-134.97,67.53,66,73,18.41
29,Kouango,CF,2020-07-10 21:46:32,4.99,19.96,72.57,94,100,3.15
30,Chokurdakh,RU,2020-07-10 21:46:32,70.63,147.92,55.96,53,0,9.44
31,Kashiwara,JP,2020-07-10 21:46:32,34.45,135.77,81.0,80,98,3.0
32,Ribeira Grande,PT,2020-07-10 21:46:33,38.52,-28.7,69.1,75,30,8.08
33,Vostok,RU,2020-07-10 21:46:33,46.49,135.88,59.86,85,0,2.51
34,Hermanus,ZA,2020-07-10 21:46:33,-34.42,19.23,48.99,91,90,5.01
35,Vardo,NO,2020-07-10 21:46:28,70.37,31.11,48.2,81,75,6.93
36,Borogontsy,RU,2020-07-10 21:46:33,62.67,131.17,62.15,71,100,5.35
37,Butaritari,KI,2020-07-10 21:42:59,3.07,172.79,82.74,79,100,16.62
38,Teknaf,BD,2020-07-10 21:46:33,20.86,92.31,81.3,88,100,8.1
39,New Norfolk,AU,2020-07-10 21:46:33,-42.78,147.06,39.0,93,100,2.33
40,Mar Del Plata,AR,2020-07-10 21:43:16,-38.0,-57.56,48.2,87,75,16.11
41,Muroto,JP,2020-07-10 21:46:34,33.28,134.15,75.2,100,75,3.36
42,Jumla,NP,2020-07-10 21:46:34,29.27,82.18,61.95,69,96,0.47
43,Barrow,US,2020-07-10 21:46:34,71.29,-156.79,37.4,74,40,6.93
44,Yarada,IN,2020-07-10 21:46:35,17.65,83.27,80.6,88,40,2.24
45,Labuhan,ID,2020-07-10 21:45:54,-6.88,112.21,75.25,88,100,8.19
46,Vaini,TO,2020-07-10 21:44:06,-21.2,-175.2,73.4,78,20,11.41
47,Aksu,CN,2020-07-10 21:46:35,41.12,80.26,69.64,49,55,0.6
48,Port Elizabeth,ZA,2020-07-10 21:46:36,-33.92,25.57,60.8,72,93,10.29
49,Port Alfred,ZA,2020-07-10 21:44:11,-33.59,26.89,63.0,60,54,5.01
50,Umtata,ZA,2020-07-10 21:46:36,-31.59,28.78,60.8,38,0,1.12
51,Touros,BR,2020-07-10 21:46:37,-5.2,-35.46,77.0,83,0,5.82
52,Ancud,CL,2020-07-10 21:44:47,-41.87,-73.82,45.0,86,20,9.17
53,Viedma,AR,2020-07-10 21:43:04,-40.81,-63.0,42.49,62,0,9.93
54,Ashland,US,2020-07-10 21:46:37,40.82,-82.27,79.0,78,40,10.29
55,Lagoa,PT,2020-07-10 21:46:38,39.05,-27.98,68.92,76,0,7.54
56,Saint-Philippe,RE,2020-07-10 21:46:38,-21.36,55.77,66.2,68,57,8.05
57,San Miguel,SV,2020-07-10 21:46:38,13.48,-88.18,91.4,74,40,4.7
58,Albany,US,2020-07-10 21:45:55,42.6,-73.97,80.01,83,100,6.15
59,Bambous Virieux,MU,2020-07-10 21:42:50,-20.34,57.76,69.8,64,75,18.34
60,Elliot Lake,CA,2020-07-10 21:46:38,46.38,-82.63,78.8,78,75,12.75
61,Tavricheskoye,RU,2020-07-10 21:46:39,54.59,73.64,55.4,87,46,4.47
62,Coquimbo,CL,2020-07-10 21:46:39,-29.95,-71.34,57.2,82,58,11.41
63,Kruisfontein,ZA,2020-07-10 21:42:34,-34.0,24.73,54.55,78,100,4.88
64,Antofagasta,CL,2020-07-10 21:46:39,-23.65,-70.4,59.0,67,20,10.29
65,Nikolskoye,RU,2020-07-10 21:46:40,59.7,30.79,57.2,87,90,8.95
66,Katsuura,JP,2020-07-10 21:42:55,35.13,140.3,81.0,93,100,5.99
67,Mehamn,NO,2020-07-10 21:42:29,71.04,27.85,46.4,87,90,11.41
68,Luwuk,ID,2020-07-10 21:46:40,-0.95,122.79,76.44,80,97,4.88
69,Bayanday,RU,2020-07-10 21:46:41,53.07,105.51,58.66,86,99,2.37
70,Alenquer,BR,2020-07-10 21:46:41,-1.94,-54.74,84.2,79,20,3.36
71,San Jose,US,2020-07-10 21:45:30,37.34,-121.89,91.0,20,40,8.05
72,Bourail,NC,2020-07-10 21:46:41,-21.57,165.48,67.19,60,26,4.43
73,Busselton,AU,2020-07-10 21:43:04,-33.65,115.33,39.99,81,0,10.98
74,Manzhouli,CN,2020-07-10 21:46:42,49.6,117.43,66.4,62,21,11.81
75,Faya,SA,2020-07-10 21:43:27,18.39,42.45,77.0,38,10,5.48
76,Atar,MR,2020-07-10 21:46:42,20.52,-13.05,95.29,23,0,8.84
77,Mataura,NZ,2020-07-10 21:46:42,-46.19,168.86,43.14,89,79,5.64
78,Georgetown,MY,2020-07-10 21:46:42,5.41,100.34,80.6,94,40,2.24
79,Tuktoyaktuk,CA,2020-07-10 21:46:42,69.45,-133.04,42.8,87,90,12.75
80,Mwinilunga,ZM,2020-07-10 21:46:43,-11.74,24.43,57.06,48,3,1.57
81,Bassila,BJ,2020-07-10 21:46:43,9.01,1.67,71.01,97,100,4.34
82,Pimentel,PE,2020-07-10 21:46:43,-6.84,-79.93,68.0,64,9,17.22
83,Saint-Ambroise,CA,2020-07-10 21:46:44,48.55,-71.33,91.0,58,40,12.75
84,Chuy,UY,2020-07-10 21:44:08,-33.7,-53.46,51.37,87,92,8.25
85,Comodoro Rivadavia,AR,2020-07-10 21:41:54,-45.87,-67.5,42.8,56,40,9.17
86,Akdepe,TM,2020-07-10 21:46:45,42.06,59.38,77.0,44,0,4.7
87,Port Blair,IN,2020-07-10 21:45:49,11.67,92.75,81.61,81,100,8.84
88,Nome,US,2020-07-10 21:45:12,64.5,-165.41,71.01,67,1,13.87
89,Anloga,GH,2020-07-10 21:46:45,5.79,0.9,78.8,83,40,4.7
90,Dingle,PH,2020-07-10 21:46:46,11.0,122.67,77.47,86,100,2.71
91,Dali,CN,2020-07-10 21:46:46,25.7,100.18,63.84,87,100,5.46
92,Ponta Delgada,PT,2020-07-10 21:46:46,37.73,-25.67,68.0,77,75,5.82
93,Chake Chake,TZ,2020-07-10 21:46:47,-5.25,39.77,75.96,79,0,10.96
94,Nenjiang,CN,2020-07-10 21:46:47,49.18,125.22,69.87,77,0,1.95
95,Poronaysk,RU,2020-07-10 21:46:47,49.22,143.12,55.06,90,100,0.92
96,Huilong,CN,2020-07-10 21:46:47,31.81,121.66,77.0,99,100,1.01
97,Tasiilaq,GL,2020-07-10 21:44:15,65.61,-37.64,42.8,81,17,6.93
98,Tiksi,RU,2020-07-10 21:44:13,71.69,128.87,41.32,88,100,8.32
99,Yellowknife,CA,2020-07-10 21:45:19,62.46,-114.35,71.01,60,75,8.05
100,Saskylakh,RU,2020-07-10 21:46:57,71.92,114.08,52.92,72,100,19.44
101,Burnie,AU,2020-07-10 21:44:27,-41.07,145.92,45.0,83,100,3.0
102,Alofi,NU,2020-07-10 21:46:56,-19.06,-169.92,75.2,83,90,17.22
103,Portland,US,2020-07-10 21:44:26,45.52,-122.68,80.01,47,1,6.93
104,Cedar City,US,2020-07-10 21:42:53,37.68,-113.06,91.4,4,1,9.17
105,Goderich,CA,2020-07-10 21:46:58,43.75,-81.72,84.0,75,100,8.52
106,Arraial Do Cabo,BR,2020-07-10 21:46:58,-22.97,-42.03,68.0,77,11,5.82
107,Gao,ML,2020-07-10 21:46:58,16.64,1.64,84.43,47,99,15.37
108,Taoudenni,ML,2020-07-10 21:46:36,22.68,-3.98,97.36,25,50,17.2
109,Yangambi,CD,2020-07-10 21:46:59,0.81,24.43,70.52,89,87,2.53
110,Presidencia Roque Saenz Pena,AR,2020-07-10 21:46:59,-26.79,-60.44,69.76,63,34,5.1
111,Carnarvon,AU,2020-07-10 21:46:59,-24.87,113.63,53.6,50,0,10.29
112,Kaitangata,NZ,2020-07-10 21:44:33,-46.28,169.85,45.0,73,65,3.0
113,Leningradskiy,RU,2020-07-10 21:46:59,69.38,178.42,47.8,74,12,11.61
114,Codrington,AU,2020-07-10 21:42:32,-38.27,141.97,47.23,87,100,4.29
115,Souillac,MU,2020-07-10 21:47:00,-20.52,57.52,69.8,64,75,18.34
116,East London,ZA,2020-07-10 21:46:25,-33.02,27.91,66.42,57,35,24.45
117,Poum,NC,2020-07-10 21:43:35,-20.23,164.02,69.31,68,51,12.01
118,Hanzhong,CN,2020-07-10 21:47:00,33.07,107.03,69.13,91,100,4.59
119,Hobart,AU,2020-07-10 21:42:20,-42.88,147.33,39.2,93,90,5.82
120,Kenai,US,2020-07-10 21:44:22,60.55,-151.26,60.8,72,75,5.82
121,Emerald,AU,2020-07-10 21:44:33,-23.53,148.17,51.01,89,16,4.41
122,Boa Vista,BR,2020-07-10 21:47:01,2.82,-60.67,87.8,52,40,8.05
123,Victoria,HK,2020-07-10 21:47:01,22.29,114.16,84.99,83,100,15.43
124,Kodiak,US,2020-07-10 21:47:02,57.79,-152.41,64.4,52,1,6.93
125,Batagay,RU,2020-07-10 21:47:02,67.63,134.63,71.49,37,0,4.25
126,Pipri,IN,2020-07-10 21:47:02,19.8,75.53,77.0,83,40,4.7
127,Prince Rupert,CA,2020-07-10 21:42:04,54.32,-130.32,55.4,87,90,13.87
128,Lingyuan,CN,2020-07-10 21:47:03,41.24,119.4,67.8,75,8,4.03
129,Magnor,SE,2020-07-10 21:47:03,59.95,12.2,51.8,93,100,1.12
130,Asilah,MA,2020-07-10 21:47:03,35.47,-6.03,73.4,78,0,16.11
131,Mbini,GQ,2020-07-10 21:47:03,1.57,9.61,77.0,94,40,8.05
132,Kavieng,PG,2020-07-10 21:47:03,-2.57,150.8,83.35,76,91,11.63
133,Thompson,CA,2020-07-10 21:47:04,55.74,-97.86,68.0,56,75,10.29
134,Olafsvik,IS,2020-07-10 21:47:04,64.89,-23.71,50.95,83,98,11.16
135,Mahebourg,MU,2020-07-10 21:46:52,-20.41,57.7,69.8,64,75,18.34
136,Upernavik,GL,2020-07-10 21:47:04,72.79,-56.15,41.11,84,10,20.89
137,Fonte Boa,BR,2020-07-10 21:47:04,-2.5,-66.27,77.85,93,52,3.38
138,Aklavik,CA,2020-07-10 21:47:04,68.22,-135.01,48.2,81,90,9.17
139,Halifax,CA,2020-07-10 21:42:21,44.65,-63.57,82.0,49,25,1.01
140,Buin,CL,2020-07-10 21:47:04,-33.73,-70.75,57.2,66,90,2.84
141,Whyalla,AU,2020-07-10 21:47:04,-33.03,137.58,44.6,93,74,10.29
142,Te Anau,NZ,2020-07-10 21:44:56,-45.42,167.72,43.57,86,99,7.34
143,Hithadhoo,MV,2020-07-10 21:42:28,-0.6,73.08,83.39,76,97,10.29
144,Atuona,PF,2020-07-10 21:44:01,-9.8,-139.03,79.9,78,98,18.86
145,Cidreira,BR,2020-07-10 21:47:05,-30.18,-50.21,57.83,82,0,13.56
146,Longyearbyen,SJ,2020-07-10 21:47:05,78.22,15.64,46.4,87,75,10.29
147,Conde,BR,2020-07-10 21:47:05,-7.26,-34.91,77.0,88,39,6.93
148,Kyren,RU,2020-07-10 21:44:49,51.68,102.14,58.75,64,32,1.79
149,Hovd,MN,2020-07-10 21:47:06,48.01,91.64,64.87,53,96,4.61
150,Santo Amaro Da Imperatriz,BR,2020-07-10 21:47:06,-27.69,-48.78,62.6,77,0,12.75
151,Escarcega,MX,2020-07-10 21:47:06,18.61,-90.75,88.83,57,85,5.55
152,Fukue,JP,2020-07-10 21:47:06,32.69,128.84,76.57,94,73,7.11
153,Norman Wells,CA,2020-07-10 21:47:06,65.28,-126.83,50.0,93,90,13.87
154,Lebu,CL,2020-07-10 21:42:37,-37.62,-73.65,48.11,72,74,4.32
155,Geraldton,AU,2020-07-10 21:42:26,-28.77,114.6,51.8,53,0,18.34
156,Kapaa,US,2020-07-10 21:46:33,22.08,-159.32,82.99,74,75,12.75
157,Nanortalik,GL,2020-07-10 21:43:33,60.14,-45.24,45.21,93,95,6.06
158,Paragould,US,2020-07-10 21:47:07,36.06,-90.5,93.2,55,1,3.36
159,Mahajanga,MG,2020-07-10 21:47:07,-15.72,46.32,71.6,60,20,11.41
160,Paso De Los Toros,UY,2020-07-10 21:47:07,-32.82,-56.52,55.4,71,75,8.05
161,Hobyo,SO,2020-07-10 21:46:25,5.35,48.53,78.33,79,20,26.24
162,Lengshuitan,CN,2020-07-10 21:47:07,26.41,111.6,76.39,92,100,4.76
163,Katobu,ID,2020-07-10 21:47:07,-4.94,122.53,73.4,95,97,3.58
164,Rio Gallegos,AR,2020-07-10 21:45:38,-51.62,-69.22,32.0,92,100,10.29
165,Yambio,SS,2020-07-10 21:47:08,4.57,28.4,68.31,94,100,1.03
166,Onega,RU,2020-07-10 21:43:35,63.91,38.14,52.11,77,22,6.62
167,Kijang,KR,2020-07-10 21:47:09,35.24,129.21,73.4,94,75,1.12
168,Olenegorsk,RU,2020-07-10 21:47:09,68.15,33.3,50.74,78,83,5.3
169,Maturin,VE,2020-07-10 21:47:09,9.75,-63.18,77.79,90,100,6.04
170,Cap Malheureux,MU,2020-07-10 21:47:09,-19.98,57.61,66.99,79,55,7.0
171,Onokhoy,RU,2020-07-10 21:47:09,51.93,108.07,57.2,93,20,2.26
172,Lodingen,NO,2020-07-10 21:47:09,68.41,16.0,51.8,81,9,9.17
173,Hamina,FI,2020-07-10 21:44:26,60.57,27.2,51.8,81,98,4.7
174,Paray-Le-Monial,FR,2020-07-10 21:47:10,46.45,4.12,68.0,60,73,11.41
175,Meadow Lake,US,2020-07-10 21:45:19,34.8,-106.54,102.0,8,40,8.05
176,Airai,TL,2020-07-10 21:46:51,-8.93,125.41,57.09,100,46,3.85
177,Beringovskiy,RU,2020-07-10 21:46:51,63.05,179.32,55.51,68,96,3.02
178,Mnogovershinnyy,RU,2020-07-10 21:47:11,53.94,139.92,52.59,91,99,1.39
179,Cantilan,PH,2020-07-10 21:47:11,9.33,125.98,78.35,78,76,3.69
180,Haines Junction,CA,2020-07-10 21:46:28,60.75,-137.51,64.85,37,100,4.61
181,Palmer,US,2020-07-10 21:45:04,42.16,-72.33,82.4,69,75,13.87
182,Palembang,ID,2020-07-10 21:47:12,-2.92,104.75,72.05,95,26,2.93
183,Nishihara,JP,2020-07-10 21:47:12,26.18,127.76,84.2,89,20,6.93
184,Yar-Sale,RU,2020-07-10 21:42:46,66.83,70.83,54.55,75,84,3.33
185,Port Lincoln,AU,2020-07-10 21:47:12,-34.73,135.87,48.94,82,34,13.04
186,Autazes,BR,2020-07-10 21:47:13,-3.58,-59.13,78.58,85,95,2.71
187,Diffa,NE,2020-07-10 21:47:13,13.32,12.61,89.91,39,81,8.37
188,Fortuna,US,2020-07-10 21:47:13,40.6,-124.16,72.0,68,20,14.99
189,Talcahuano,CL,2020-07-10 21:47:13,-36.72,-73.12,53.6,71,20,10.29
190,Pevek,RU,2020-07-10 21:47:13,69.7,170.31,47.98,87,79,5.66
191,Marica,BR,2020-07-10 21:47:13,-22.92,-42.82,72.0,68,75,10.29
192,Castro,BR,2020-07-10 21:47:13,-24.79,-50.01,53.04,81,27,3.38
193,Laukaa,RU,2020-07-10 21:47:14,58.74,29.85,57.51,98,100,4.83
194,Puerto Ayora,EC,2020-07-10 21:47:14,-0.74,-90.35,70.0,90,100,5.99
195,Aykhal,RU,2020-07-10 21:47:14,66.0,111.5,57.2,93,90,2.24
196,Monrovia,LR,2020-07-10 21:47:14,6.3,-10.8,77.0,83,75,5.82
197,Bom Jesus Da Lapa,BR,2020-07-10 21:47:14,-13.26,-43.42,80.6,51,94,6.93
198,Valpoi,IN,2020-07-10 21:47:14,15.53,74.14,76.86,87,100,1.88
199,Numan,NG,2020-07-10 21:47:14,9.47,12.03,77.56,82,100,7.63
200,Almeirim,BR,2020-07-10 21:47:15,-1.52,-52.58,76.41,92,100,2.86
201,Bubaque,GW,2020-07-10 21:47:15,11.28,-15.83,81.03,81,100,20.94
202,Masuda,JP,2020-07-10 21:47:15,34.67,131.85,75.2,88,75,8.39
203,Belyy Yar,RU,2020-07-10 21:44:10,53.6,91.39,55.4,93,76,0.74
204,Jayanca,PE,2020-07-10 21:47:15,-6.39,-79.82,68.0,64,3,17.22
205,Lebyazhye,RU,2020-07-10 21:45:45,55.27,66.49,68.25,87,31,1.88
206,Santa Marta,CO,2020-07-10 21:44:38,11.24,-74.2,84.25,72,11,16.42
207,Siuna,NI,2020-07-10 21:47:15,13.73,-84.78,83.26,76,86,3.49
208,Mbaiki,CF,2020-07-10 21:43:03,3.87,17.99,69.26,97,100,2.13
209,Newport,GB,2020-07-10 21:47:15,51.59,-3.0,55.0,73,0,1.01
210,Batagay-Alyta,RU,2020-07-10 21:47:16,67.8,130.41,66.83,42,76,3.06
211,Sudak,UA,2020-07-10 21:47:16,44.85,34.97,70.38,65,0,9.55
212,Broome,US,2020-07-10 21:47:16,42.25,-75.83,78.01,78,75,5.82
213,Kansanshi,ZM,2020-07-10 21:47:17,-12.1,26.43,59.7,62,0,4.07
214,Altay,CN,2020-07-10 21:47:17,47.87,88.12,59.23,53,0,3.15
215,Yerofey Pavlovich,RU,2020-07-10 21:47:01,53.97,121.97,69.48,72,72,2.08
216,Antalaha,MG,2020-07-10 21:47:19,-14.9,50.28,68.9,86,55,9.28
217,Kirksville,US,2020-07-10 21:47:19,40.19,-92.58,90.0,43,1,6.93
218,Sharan,RU,2020-07-10 21:47:19,54.82,54.0,66.81,95,84,4.14
219,Salalah,OM,2020-07-10 21:43:26,17.02,54.09,82.4,94,90,9.17
220,Miles City,US,2020-07-10 21:47:20,46.41,-105.84,78.8,44,1,16.11
221,Kahului,US,2020-07-10 21:46:35,20.89,-156.47,89.6,46,1,20.8
222,Hirara,JP,2020-07-10 21:42:36,24.8,125.28,82.4,88,20,8.05
223,Esperance,AU,2020-07-10 21:47:20,-33.87,121.9,46.4,93,40,5.82
224,Kilinochchi,LK,2020-07-10 21:47:21,9.4,80.4,79.11,84,100,10.22
225,Bethel,US,2020-07-10 21:46:35,41.37,-73.41,73.99,94,90,12.75
226,Padang,ID,2020-07-10 21:47:21,-0.95,100.35,77.52,81,82,4.61
227,Jacksonville,US,2020-07-10 21:45:01,30.33,-81.66,97.0,52,75,5.82
228,Pindi Gheb,PK,2020-07-10 21:47:22,33.24,72.27,80.6,57,40,11.41
229,Lethem,GY,2020-07-10 21:47:23,3.38,-59.8,81.05,77,91,3.38
230,Tubuala,PA,2020-07-10 21:47:26,9.52,-79.03,84.2,66,40,13.87
231,Puerto Ayacucho,VE,2020-07-10 21:45:33,5.66,-67.62,86.0,66,75,5.82
232,Sao Joao Da Barra,BR,2020-07-10 21:42:57,-21.64,-41.05,71.6,73,75,6.93
233,Saint George,US,2020-07-10 21:45:59,37.1,-113.58,104.0,6,1,4.7
234,Lincoln,US,2020-07-10 21:45:46,40.8,-96.67,91.0,48,1,6.93
235,Kyra,RU,2020-07-10 21:47:27,49.58,111.98,59.04,88,72,4.34
236,Bonthe,SL,2020-07-10 21:47:28,7.53,-12.51,76.24,87,100,10.87
237,Balabac,PH,2020-07-10 21:47:28,7.99,117.06,81.63,79,100,9.8
238,America Dourada,BR,2020-07-10 21:47:28,-11.46,-41.44,67.08,78,91,6.58
239,Sioux Lookout,CA,2020-07-10 21:47:28,50.1,-91.92,71.6,64,75,9.17
240,Talnakh,RU,2020-07-10 21:47:28,69.49,88.4,51.8,87,0,11.18
241,Egvekinot,RU,2020-07-10 21:47:28,66.32,-179.17,55.69,81,99,1.74
242,Iqaluit,CA,2020-07-10 21:42:39,63.75,-68.51,48.2,70,40,8.05
243,Miraflores,MX,2020-07-10 21:47:29,19.22,-98.81,78.8,29,40,11.41
244,Lianzhou,CN,2020-07-10 21:47:29,24.78,112.38,77.0,90,100,4.16
245,Port Hawkesbury,CA,2020-07-10 21:47:29,45.62,-61.35,70.0,88,1,9.17
246,San Rafael,AR,2020-07-10 21:47:29,-34.62,-68.33,50.81,63,37,6.13
247,Itiuba,BR,2020-07-10 21:47:29,-10.69,-39.85,70.56,78,31,8.03
248,Kysyl-Syr,RU,2020-07-10 21:47:29,63.9,122.76,66.04,74,51,9.8
249,Nauta,PE,2020-07-10 21:47:30,-4.51,-73.58,79.99,90,45,1.97
250,Khani,GE,2020-07-10 21:47:30,41.96,42.96,71.6,94,75,3.36
251,Nemuro,JP,2020-07-10 21:47:30,43.32,145.57,59.59,86,100,4.68
252,Sukumo,JP,2020-07-10 21:47:31,32.93,132.73,76.33,91,100,7.0
253,Samarai,PG,2020-07-10 21:47:31,-10.62,150.67,77.97,87,96,19.06
254,Mount Gambier,AU,2020-07-10 21:47:31,-37.83,140.77,48.2,93,75,4.7
255,Saldanha,ZA,2020-07-10 21:47:31,-33.01,17.94,51.8,81,80,6.93
256,Narsaq,GL,2020-07-10 21:47:31,60.92,-46.05,48.2,93,75,4.7
257,Severodvinsk,RU,2020-07-10 21:47:32,64.56,39.83,51.8,93,20,2.24
258,Durres,AL,2020-07-10 21:47:32,41.32,19.44,71.6,64,0,4.7
259,Octeville,FR,2020-07-10 21:47:32,49.63,-1.64,60.01,87,0,5.82
260,Kununurra,AU,2020-07-10 21:44:07,-15.77,128.73,60.8,41,37,11.39
261,Vila Velha,BR,2020-07-10 21:47:33,-20.33,-40.29,69.8,83,20,6.93
262,Fallon,US,2020-07-10 21:43:44,39.47,-118.78,89.6,10,40,5.82
263,San Carlos De Bariloche,AR,2020-07-10 21:43:08,-41.15,-71.31,32.0,95,75,13.87
264,Savalou,BJ,2020-07-10 21:47:33,7.93,1.98,72.73,93,100,4.21
265,Maraa,BR,2020-07-10 21:47:33,-1.83,-65.37,80.2,82,52,3.24
266,Tuatapere,NZ,2020-07-10 21:47:33,-46.13,167.68,45.66,81,70,6.44
267,Seymchan,RU,2020-07-10 21:47:33,62.88,152.43,62.74,70,84,5.95
268,Zaysan,KZ,2020-07-10 21:47:33,47.47,84.87,66.61,50,47,8.5
269,Emba,KZ,2020-07-10 21:47:33,48.83,58.14,79.27,41,0,6.02
270,Vrangel,RU,2020-07-10 21:47:34,42.73,133.08,62.49,88,100,10.83
271,Sabang,ID,2020-07-10 21:47:34,5.89,95.32,82.18,76,97,6.31
272,Kudahuvadhoo,MV,2020-07-10 21:47:34,2.67,72.89,83.37,76,65,10.56
273,Tonantins,BR,2020-07-10 21:47:34,-2.87,-67.8,80.49,78,98,2.04
274,Irbeyskoye,RU,2020-07-10 21:47:34,55.64,95.45,51.66,94,43,6.62
275,Mattawa,US,2020-07-10 21:47:34,46.74,-119.9,82.99,24,1,3.36
276,Mwaya,TZ,2020-07-10 21:47:35,-9.55,33.95,69.39,74,4,3.8
277,Cherskiy,RU,2020-07-10 21:44:09,68.75,161.3,56.68,74,86,9.28
278,Hualmay,PE,2020-07-10 21:47:35,-11.1,-77.61,64.35,72,30,13.15
279,Necochea,AR,2020-07-10 21:47:35,-38.55,-58.74,44.01,84,71,1.99
280,Linxia,CN,2020-07-10 21:47:35,35.6,103.21,62.65,65,100,3.6
281,Salas,ES,2020-07-10 21:47:36,43.41,-6.26,66.0,88,75,4.7
282,Sangar,RU,2020-07-10 21:47:37,63.92,127.47,62.47,70,100,13.0
283,Roald,NO,2020-07-10 21:47:37,62.58,6.13,51.8,81,99,13.87
284,Grand Gaube,MU,2020-07-10 21:47:37,-20.01,57.66,66.99,79,60,7.0
285,Khorramshahr,IR,2020-07-10 21:47:37,30.44,48.17,95.0,39,7,10.6
286,Rhyl,GB,2020-07-10 21:47:37,53.32,-3.49,57.0,87,15,5.99
287,Snezhnogorsk,RU,2020-07-10 21:47:38,69.19,33.25,50.0,93,0,4.47
288,Margate,GB,2020-07-10 21:47:12,51.38,1.39,61.0,61,2,3.0
289,Pilna,RU,2020-07-10 21:47:38,55.55,45.92,57.29,83,20,5.66
290,Gayny,RU,2020-07-10 21:47:38,60.31,54.32,63.25,98,72,7.96
291,Tselinnoye,RU,2020-07-10 21:47:38,53.08,85.67,52.56,91,79,3.2
292,Anadyr,RU,2020-07-10 21:47:39,64.75,177.48,55.4,87,20,2.24
293,Balikpapan,ID,2020-07-10 21:47:39,-1.27,116.83,77.0,100,75,4.7
294,Inongo,CD,2020-07-10 21:47:39,-1.95,18.27,71.28,88,100,7.2
295,Avarua,CK,2020-07-10 21:47:39,-21.21,-159.78,78.8,74,58,8.05
296,Terney,RU,2020-07-10 21:43:15,45.05,136.61,59.27,85,88,6.82
297,Muros,ES,2020-07-10 21:47:39,42.78,-9.06,64.0,73,0,4.0
298,Tulun,RU,2020-07-10 21:47:40,54.56,100.58,62.17,82,85,7.99
299,Gelibolu,TR,2020-07-10 21:47:40,40.41,26.67,73.4,64,0,13.87
300,Oranjestad,AW,2020-07-10 21:43:35,12.52,-70.03,87.8,66,20,26.4
301,Sibolga,ID,2020-07-10 21:47:08,1.74,98.78,76.17,74,88,3.87
302,Jizan,SA,2020-07-10 21:44:23,17.33,42.67,91.4,70,51,3.89
303,Asosa,ET,2020-07-10 21:47:41,10.07,34.53,62.92,95,100,4.52
304,Kawalu,ID,2020-07-10 21:44:16,-7.38,108.21,71.78,92,100,1.43
305,Severo-Kurilsk,RU,2020-07-10 21:44:09,50.68,156.12,49.91,93,100,5.06
306,Laguna,US,2020-07-10 21:47:41,38.42,-121.42,100.0,18,1,6.93
307,Monzon,ES,2020-07-10 21:47:41,41.91,0.19,78.01,60,10,9.17
308,Zhuhai,CN,2020-07-10 21:47:41,22.28,113.57,86.0,89,40,14.99
309,Rakovnik,CZ,2020-07-10 21:47:42,50.1,13.73,66.2,63,86,14.99
310,Forestville,US,2020-07-10 21:47:42,38.85,-76.88,90.0,62,20,10.29
311,Richards Bay,ZA,2020-07-10 21:47:42,-28.78,32.04,74.48,42,0,13.44
312,Antsohihy,MG,2020-07-10 21:47:43,-14.88,47.99,71.22,60,8,9.84
313,Kasangulu,CD,2020-07-10 21:47:43,-4.59,15.17,75.2,83,19,4.7
314,Fakel,RU,2020-07-10 21:47:43,57.63,53.03,60.53,98,89,6.51
315,Wagar,SD,2020-07-10 21:46:31,16.15,36.2,92.98,32,3,14.2
316,Garowe,SO,2020-07-10 21:47:43,8.41,48.48,81.32,55,19,23.64
317,Redmond,US,2020-07-10 21:42:56,47.67,-122.12,75.0,59,9,4.07
318,Luderitz,NA,2020-07-10 21:43:06,-26.65,15.16,55.4,93,0,12.75
319,Westport,US,2020-07-10 21:44:03,41.14,-73.36,73.4,94,75,24.16
320,Pisco,PE,2020-07-10 21:43:17,-13.7,-76.22,66.2,63,10,17.22
321,Ndjole,GA,2020-07-10 21:47:44,-0.18,10.76,74.44,87,100,4.94
322,Yumen,CN,2020-07-10 21:43:04,40.28,97.2,72.81,26,100,4.85
323,Mount Pleasant,US,2020-07-10 21:47:32,32.79,-79.86,89.01,79,1,10.29
324,Almaznyy,RU,2020-07-10 21:47:44,48.04,40.05,64.4,55,0,6.71
325,Itarema,BR,2020-07-10 21:47:44,-2.92,-39.92,78.35,83,27,12.24
326,Yuncheng,CN,2020-07-10 21:47:45,35.02,110.99,75.9,70,100,7.45
327,Oranjemund,NA,2020-07-10 21:44:39,-28.55,16.43,55.47,69,24,20.74
328,Porto Walter,BR,2020-07-10 21:47:45,-8.27,-72.74,82.08,65,75,1.83
329,Aguimes,ES,2020-07-10 21:47:46,27.91,-15.45,73.4,69,40,27.51
330,Honiara,SB,2020-07-10 21:47:46,-9.43,159.95,77.0,94,75,4.27
331,Sergiyevsk,RU,2020-07-10 21:47:46,53.94,51.16,66.42,90,99,12.59
332,Gujar Khan,PK,2020-07-10 21:47:46,33.26,73.3,86.0,61,40,11.41
333,Lengshuijiang,CN,2020-07-10 21:47:46,27.69,111.43,75.99,93,100,3.18
334,Yamada,JP,2020-07-10 21:47:46,39.47,141.95,67.35,94,100,3.11
335,Orange Cove,US,2020-07-10 21:47:46,36.62,-119.31,97.0,30,1,2.66
336,Xai-Xai,MZ,2020-07-10 21:47:47,-25.05,33.64,69.85,66,0,14.58
337,Lasa,IT,2020-07-10 21:47:47,46.62,10.7,57.2,100,90,6.93
338,Sao Filipe,CV,2020-07-10 21:44:06,14.9,-24.5,75.25,82,21,10.76
339,Hereford,GB,2020-07-10 21:47:50,52.06,-2.71,53.01,84,0,7.63
340,Lukovetskiy,RU,2020-07-10 21:47:50,64.3,41.92,51.8,93,20,2.24
341,West Bay,KY,2020-07-10 21:47:50,19.37,-81.42,89.6,79,20,12.75
342,Bull Savanna,JM,2020-07-10 21:47:51,17.89,-77.59,83.1,72,69,11.59
343,Guerrero Negro,MX,2020-07-10 21:47:51,27.98,-114.06,86.95,28,0,14.94
344,Najran,SA,2020-07-10 21:47:51,17.49,44.13,89.6,18,93,4.7
345,Rosetta,EG,2020-07-10 21:47:52,31.4,30.42,75.97,85,0,12.59
346,Todos Santos,MX,2020-07-10 21:47:52,23.45,-110.22,84.99,70,59,5.99
347,Cartagena,CO,2020-07-10 21:43:35,10.4,-75.51,87.8,74,20,16.11
348,Austin,US,2020-07-10 21:47:53,30.27,-97.74,100.99,39,1,6.93
349,Lahaina,US,2020-07-10 21:47:53,20.88,-156.68,84.2,48,20,20.8
350,Pierre,US,2020-07-10 21:47:53,44.37,-100.35,87.01,51,1,8.05
351,Bilibino,RU,2020-07-10 21:45:57,68.05,166.44,67.93,52,100,2.01
352,Awbari,LY,2020-07-10 21:47:53,26.59,12.78,83.53,22,0,6.78
353,Teluk Nibung,ID,2020-07-10 21:47:54,3.0,99.82,75.58,92,100,3.29
354,Kavaratti,IN,2020-07-10 21:43:14,10.57,72.64,82.69,75,100,9.35
355,Chara,RU,2020-07-10 21:47:05,56.91,118.26,73.33,57,6,1.81
356,Contai,IN,2020-07-10 21:46:24,21.78,87.75,83.79,82,100,15.43
357,Chiredzi,ZW,2020-07-10 21:47:54,-21.05,31.67,71.4,60,92,3.8
358,Mokhsogollokh,RU,2020-07-10 21:47:02,61.47,128.92,60.06,83,59,4.9
359,San Cristobal,VE,2020-07-10 21:43:21,7.77,-72.22,91.4,38,40,11.41
360,Ponta Do Sol,PT,2020-07-10 21:46:34,32.67,-17.1,69.8,83,40,24.16
361,Kadarkut,HU,2020-07-10 21:47:55,46.24,17.62,73.4,73,44,3.36
362,Bogotol,RU,2020-07-10 21:47:55,56.21,89.53,47.73,98,11,9.44
363,Devonport,AU,2020-07-10 21:47:55,-41.17,146.35,45.0,79,100,4.05
364,La Ronge,CA,2020-07-10 21:47:55,55.1,-105.28,73.4,53,90,11.41
365,Jalalpur Pirwala,PK,2020-07-10 21:47:55,29.51,71.22,96.19,50,0,18.86
366,Flinders,AU,2020-07-10 21:47:56,-34.58,150.86,53.01,91,99,1.99
367,Saint-Leu,RE,2020-07-10 21:47:56,-21.15,55.28,66.2,68,19,8.05
368,Nyagan,RU,2020-07-10 21:47:56,62.14,65.39,66.27,93,61,4.85
369,Hurghada,EG,2020-07-10 21:47:56,27.26,33.81,86.94,31,0,14.58
370,Ampanihy,MG,2020-07-10 21:47:56,-24.7,44.75,67.14,61,0,9.71
371,Razdolinsk,RU,2020-07-10 21:47:56,58.42,94.67,48.4,97,26,9.4
372,Clyde River,CA,2020-07-10 21:47:56,70.47,-68.59,59.0,47,75,10.29
373,Kabare,CD,2020-07-10 21:47:56,-2.47,28.82,60.3,84,55,1.36
374,Lorca,ES,2020-07-10 21:47:57,37.67,-1.7,75.99,75,0,4.23
375,Nagtipunan,PH,2020-07-10 21:47:57,16.22,121.6,75.29,82,96,1.48
376,Yulara,AU,2020-07-10 21:43:25,-25.24,130.99,44.6,65,61,5.82
377,Hofn,IS,2020-07-10 21:47:59,64.25,-15.21,53.33,72,0,7.81
378,Waipawa,NZ,2020-07-10 21:47:59,-41.41,175.52,50.0,81,0,13.87
379,Sitka,US,2020-07-10 21:47:59,57.05,-135.33,57.2,87,90,6.93
380,Coos Bay,US,2020-07-10 21:47:59,43.37,-124.22,79.0,64,1,16.11
381,Plouzane,FR,2020-07-10 21:47:59,48.38,-4.62,55.4,76,0,5.82
382,Barra Do Garcas,BR,2020-07-10 21:47:59,-15.89,-52.26,73.56,35,0,1.48
383,Balagansk,RU,2020-07-10 21:47:59,54.01,103.05,60.66,78,25,4.05
384,Abdulino,RU,2020-07-10 21:48:00,53.7,53.67,71.33,79,36,3.76
385,Manggar,ID,2020-07-10 21:46:33,-2.88,108.27,78.76,84,100,7.52
386,Beidao,CN,2020-07-10 21:48:00,34.57,105.89,65.68,85,100,1.23
387,Charters Towers,AU,2020-07-10 21:48:00,-20.1,146.27,61.65,89,38,6.08
388,Benguela,AO,2020-07-10 21:48:00,-12.58,13.41,68.16,82,0,4.9
389,Kaeo,NZ,2020-07-10 21:47:15,-35.1,173.78,50.0,3,2,1.99
390,Kidal,ML,2020-07-10 21:45:54,18.44,1.41,87.57,41,85,11.25
391,Vung Tau,VN,2020-07-10 21:48:01,10.35,107.08,79.79,84,100,6.2
392,Sao Joao Do Paraiso,BR,2020-07-10 21:48:01,-15.31,-42.01,63.73,62,51,8.16
393,Kokopo,PG,2020-07-10 21:48:01,-4.35,152.26,81.1,75,62,9.24
394,Aksay,RU,2020-07-10 21:48:01,47.26,39.87,71.01,55,0,6.71
395,Shingu,JP,2020-07-10 21:48:01,33.73,135.98,77.2,91,76,10.4
396,Pangnirtung,CA,2020-07-10 21:44:23,66.15,-65.71,48.2,76,75,11.41
397,Pulandian,CN,2020-07-10 21:48:01,39.4,121.97,69.8,83,34,4.72
398,Chalus,IR,2020-07-10 21:48:01,36.66,51.42,80.6,74,90,8.79
399,Praia Da Vitoria,PT,2020-07-10 21:48:02,38.73,-27.07,69.8,77,20,6.64
400,Noyabrsk,RU,2020-07-10 21:48:02,63.2,75.45,55.29,79,0,10.02
401,Igrim,RU,2020-07-10 21:48:02,63.19,64.42,63.86,92,0,4.61
402,Caravelas,BR,2020-07-10 21:48:02,-17.71,-39.25,72.03,80,42,6.85
403,Vanimo,PG,2020-07-10 21:44:32,-2.67,141.3,79.36,78,100,5.3
404,Jian,CN,2020-07-10 21:48:03,27.12,114.98,76.69,90,100,7.23
405,Tateyama,JP,2020-07-10 21:48:03,34.98,139.87,78.01,93,80,5.99
406,Dubai,AE,2020-07-10 21:48:03,25.26,55.3,96.8,32,0,2.24
407,Kungurtug,RU,2020-07-10 21:48:03,50.6,97.52,50.05,74,32,1.72
408,Nata,PA,2020-07-10 21:48:03,8.33,-80.52,84.2,77,75,6.93
409,Avera,US,2020-07-10 21:48:03,33.19,-82.53,93.2,52,40,6.93
410,Ayan,RU,2020-07-10 21:48:03,56.45,138.17,50.99,96,94,3.11
411,Half Moon Bay,US,2020-07-10 21:47:02,37.46,-122.43,82.0,82,1,9.17
412,Houston,US,2020-07-10 21:44:46,29.76,-95.36,100.0,42,40,7.65
413,Imbituba,BR,2020-07-10 21:48:04,-28.24,-48.67,62.6,77,0,12.75
414,Sabha,LY,2020-07-10 21:48:04,27.04,14.43,86.25,20,0,10.11
415,Chicama,PE,2020-07-10 21:48:04,-7.84,-79.15,67.77,66,6,9.57
416,Camacha,PT,2020-07-10 21:48:04,33.08,-16.33,69.8,77,40,14.99
417,Svetlogorsk,BY,2020-07-10 21:48:04,52.63,29.73,64.67,95,80,10.42
418,Tra Vinh,VN,2020-07-10 21:48:04,9.93,106.35,77.13,93,100,2.46
419,Adiake,CI,2020-07-10 21:46:05,5.29,-3.3,77.0,88,20,6.93
420,Bengkulu,ID,2020-07-10 21:48:05,-3.8,102.27,75.49,85,100,3.69
421,Marawi,PH,2020-07-10 21:44:09,8.0,124.29,75.0,91,94,4.0
422,Lipin Bor,RU,2020-07-10 21:48:05,60.26,37.98,54.45,84,45,8.66
423,Leon Valley,US,2020-07-10 21:48:05,29.5,-98.62,104.0,35,1,11.41
424,Binjai,ID,2020-07-10 21:48:06,3.6,98.49,73.44,93,100,2.3
425,Veraval,IN,2020-07-10 21:48:06,20.9,70.37,83.71,83,61,17.65
426,Inuvik,CA,2020-07-10 21:48:06,68.35,-133.72,46.4,87,90,8.05
427,Meulaboh,ID,2020-07-10 21:48:06,4.14,96.13,77.52,83,100,4.25
428,San Patricio,MX,2020-07-10 21:48:06,19.22,-104.7,89.6,66,40,17.22
429,Puerto Baquerizo Moreno,EC,2020-07-10 21:44:18,-0.9,-89.6,67.53,87,93,12.26
430,Balkanabat,TM,2020-07-10 21:48:06,39.51,54.37,84.76,38,44,3.06
431,Namibe,AO,2020-07-10 21:48:06,-15.2,12.15,59.9,79,0,9.57
432,Kozluk,TR,2020-07-10 21:48:07,38.19,41.49,80.6,42,14,1.12
433,Ahipara,NZ,2020-07-10 21:48:07,-35.17,173.17,56.79,75,28,4.23
434,Husavik,IS,2020-07-10 21:48:07,66.04,-17.34,51.8,71,40,8.05
435,Tunceli,TR,2020-07-10 21:48:07,39.11,39.55,77.0,38,21,4.7
436,Banda Aceh,ID,2020-07-10 21:48:07,5.56,95.32,79.72,78,90,5.21
437,Impfondo,CG,2020-07-10 21:48:07,1.64,18.07,72.54,92,100,1.25
438,Stalowa Wola,PL,2020-07-10 21:48:07,50.58,22.05,75.99,58,5,5.99
439,Puteyets,RU,2020-07-10 21:48:08,65.17,57.09,65.71,95,100,6.42
440,Dunedin,NZ,2020-07-10 21:43:48,-45.87,170.5,48.0,54,38,7.85
441,Isangel,VU,2020-07-10 21:48:08,-19.55,169.27,71.6,83,20,8.05
442,Carmen,MX,2020-07-10 21:47:41,18.63,-91.83,85.62,73,1,13.27
443,Ambilobe,MG,2020-07-10 21:44:37,-13.2,49.05,67.37,73,38,5.23
444,Mayumba,GA,2020-07-10 21:48:09,-3.43,10.66,72.95,88,85,6.8
445,Ternate,ID,2020-07-10 21:48:09,0.8,127.4,80.06,78,99,4.76
446,San Quintin,MX,2020-07-10 21:46:27,30.48,-115.95,77.68,51,0,13.38
447,Saint-Georges,GD,2020-07-10 21:46:50,12.06,-61.75,86.0,66,20,20.8
448,Pacific Grove,US,2020-07-10 21:48:09,36.62,-121.92,64.4,68,40,11.41
449,Ciudad Del Maiz,MX,2020-07-10 21:45:50,22.4,-99.6,82.45,50,49,11.81
450,Polonnaruwa,LK,2020-07-10 21:48:10,7.93,81.0,76.82,79,100,7.36
451,Cockburn Town,TC,2020-07-10 21:46:32,21.46,-71.14,86.0,70,75,12.75
452,Tiruchchendur,IN,2020-07-10 21:48:10,8.48,78.12,81.57,72,87,11.45
453,Bonavista,CA,2020-07-10 21:48:10,48.65,-53.11,53.01,82,100,11.16
454,Gizo,SB,2020-07-10 21:48:11,-8.1,156.84,82.49,79,100,10.65
455,Bani,DO,2020-07-10 21:48:11,18.28,-70.33,87.01,70,75,12.82
456,Broken Hill,AU,2020-07-10 21:46:38,-31.95,141.43,42.8,87,11,4.7
457,Muisne,EC,2020-07-10 21:48:11,0.6,-80.03,74.66,83,96,10.83
458,San Juan,AR,2020-07-10 21:48:12,-31.54,-68.54,56.89,37,100,16.04
459,Icara,BR,2020-07-10 21:48:12,-28.71,-49.3,55.08,79,0,3.8
460,Mongu,ZM,2020-07-10 21:48:12,-15.25,23.13,62.29,35,0,3.8
461,Arman,RU,2020-07-10 21:48:12,59.7,150.17,57.11,82,85,1.68
462,Hongjiang,CN,2020-07-10 21:48:12,27.11,110.0,76.3,91,100,3.87
463,Eenhana,NA,2020-07-10 21:48:12,-17.47,16.33,64.4,16,0,5.82
464,Valleyview,CA,2020-07-10 21:48:13,55.07,-117.29,68.58,56,41,7.36
465,Sompeta,IN,2020-07-10 21:48:13,18.93,84.6,83.08,79,100,9.84
466,Asfi,MA,2020-07-10 21:48:13,32.3,-9.24,71.11,79,0,14.25
467,Matam,SN,2020-07-10 21:48:13,15.62,-13.33,93.2,46,3,6.93
468,Ushtobe,KZ,2020-07-10 21:48:14,45.25,77.98,68.14,39,18,5.59
469,Kirkenes,NO,2020-07-10 21:48:14,69.73,30.05,48.2,93,75,5.82
470,Asau,RO,2020-07-10 21:48:14,46.43,26.4,64.0,87,0,3.58
471,Vanavara,RU,2020-07-10 21:48:14,60.34,102.28,57.11,86,100,13.62
472,Provideniya,RU,2020-07-10 21:48:14,64.38,-173.3,58.28,61,95,4.29
473,Karratha,AU,2020-07-10 21:48:15,-20.74,116.85,64.69,36,0,19.37
474,Tual,ID,2020-07-10 21:44:43,-5.67,132.75,79.12,87,91,14.07
475,Vila Franca Do Campo,PT,2020-07-10 21:48:15,37.72,-25.43,68.0,77,75,5.82
476,Chiang Rai,TH,2020-07-10 21:48:15,19.91,99.83,78.8,94,40,4.7
477,Narrabri,AU,2020-07-10 21:48:15,-30.32,149.78,57.2,76,100,21.92
478,Campos Altos,BR,2020-07-10 21:48:15,-19.7,-46.17,63.1,67,2,0.56
479,Laplace,US,2020-07-10 21:48:15,30.07,-90.48,96.8,44,75,5.82
480,Ascheberg,DE,2020-07-10 21:48:16,51.78,7.62,57.0,83,0,4.68
481,Wanaka,NZ,2020-07-10 21:48:01,-44.7,169.15,34.0,87,100,1.01
482,Barra,BR,2020-07-10 21:48:16,-11.09,-43.14,78.08,56,50,3.65
483,Bosaso,SO,2020-07-10 21:48:16,11.28,49.18,94.48,39,100,22.48
484,Makubetsu,JP,2020-07-10 21:48:16,45.37,141.82,61.72,91,98,5.03
485,Vao,NC,2020-07-10 21:48:16,-22.67,167.48,68.22,75,25,19.8
486,Nouadhibou,MR,2020-07-10 21:48:16,20.93,-17.03,69.8,83,0,21.92
487,Surami,GE,2020-07-10 21:48:16,42.02,43.56,61.57,92,99,2.44
488,Zyryanka,RU,2020-07-10 21:48:17,65.75,150.85,68.45,53,37,13.09
489,Lusambo,CD,2020-07-10 21:48:17,-4.97,23.45,76.01,42,56,0.92
490,Jeremoabo,BR,2020-07-10 21:48:17,-10.07,-38.48,69.08,81,66,8.48
491,Eston,CA,2020-07-10 21:48:19,51.15,-108.75,66.2,72,90,12.75
492,Neiafu,TO,2020-07-10 21:48:19,-18.65,-173.98,78.8,69,40,13.87
493,Muzhi,RU,2020-07-10 21:48:20,65.37,64.67,59.72,89,40,6.4
494,Zaterechnyy,RU,2020-07-10 21:48:21,44.79,45.21,75.16,47,3,8.93
495,Tamuin,MX,2020-07-10 21:48:21,21.98,-98.75,98.33,39,0,12.97
496,Naifaru,MV,2020-07-10 21:48:21,5.44,73.37,83.25,76,100,8.97
497,Abalak,RU,2020-07-10 21:48:21,58.13,68.59,60.42,70,17,4.0
498,Tautira,PF,2020-07-10 21:46:13,-17.73,-149.15,84.2,54,20,9.17
499,Ranong,TH,2020-07-10 21:48:22,9.97,98.63,79.97,80,97,5.97
500,Santa Fe,AR,2020-07-10 21:48:22,-31.63,-60.7,61.0,70,98,3.0
501,Kishtwar,IN,2020-07-10 21:48:22,33.32,75.77,63.82,62,7,3.24
502,Coihaique,CL,2020-07-10 21:48:23,-45.58,-72.07,35.6,93,90,8.05
503,Nsanje,MW,2020-07-10 21:48:24,-16.92,35.26,66.88,89,0,2.26
504,Lakes Entrance,AU,2020-07-10 21:48:24,-37.88,147.98,46.0,94,61,5.77
505,Mamallapuram,IN,2020-07-10 21:48:24,12.63,80.17,80.6,83,75,16.11
506,Okha,RU,2020-07-10 21:48:25,53.57,142.95,52.77,88,98,4.36
507,Republic,US,2020-07-10 21:44:11,37.12,-93.48,91.99,40,1,4.7
508,Port Hardy,CA,2020-07-10 21:44:24,50.7,-127.42,59.0,82,90,4.7
509,Ketchikan,US,2020-07-10 21:48:25,55.34,-131.65,55.4,93,90,16.11
510,Jishou,CN,2020-07-10 21:48:26,28.32,109.72,75.51,93,100,3.83
511,Morvi,IN,2020-07-10 21:48:26,22.82,70.83,82.0,10,98,15.14
512,Hasaki,JP,2020-07-10 21:48:26,35.73,140.83,82.4,78,75,17.22
513,Komsomolskiy,UZ,2020-07-10 21:47:06,40.43,71.72,69.8,60,90,13.87
514,Iraray,PH,2020-07-10 21:48:27,8.99,118.05,78.24,78,100,2.73
515,Pathein,MM,2020-07-10 21:48:27,16.78,94.73,78.87,90,98,5.01
516,Dhanera,IN,2020-07-10 21:48:27,24.52,72.02,84.43,75,65,14.94
517,Zhaotong,CN,2020-07-10 21:48:27,27.32,103.72,64.99,92,100,2.13
518,Luba,GQ,2020-07-10 21:48:27,3.46,8.55,77.0,100,40,5.82
519,Deniliquin,AU,2020-07-10 21:48:27,-35.53,144.97,48.99,95,48,5.26
520,Erenhot,CN,2020-07-10 21:45:53,43.65,111.98,69.85,42,0,2.24
521,Bilma,NE,2020-07-10 21:48:28,18.69,12.92,94.68,17,32,9.08
522,Zapolyarnyy,RU,2020-07-10 21:48:28,69.42,30.81,48.2,93,75,5.82
523,Pasvalys,LT,2020-07-10 21:48:28,56.06,24.4,60.8,93,100,10.29
524,Dharchula,IN,2020-07-10 21:48:28,29.85,80.53,68.45,73,86,1.5
525,Saint-Michel-Des-Saints,CA,2020-07-10 21:48:28,46.68,-73.92,90.0,5,24,9.89
526,Chapais,CA,2020-07-10 21:48:29,49.78,-74.85,89.6,49,75,6.93
527,Kaveripattinam,IN,2020-07-10 21:48:29,12.42,78.22,75.6,81,100,5.55
528,Male,MV,2020-07-10 21:45:27,4.17,73.51,84.2,83,75,8.05
529,Srednekolymsk,RU,2020-07-10 21:46:29,67.45,153.68,65.62,59,38,13.0
530,Kipini,KE,2020-07-10 21:48:29,-2.53,40.53,73.4,94,1,15.9
531,Petropavlovsk-Kamchatskiy,RU,2020-07-10 21:46:45,53.05,158.65,59.0,100,40,4.47
532,Enid,US,2020-07-10 21:48:30,36.4,-97.88,86.0,70,1,19.46
533,Adrar,MR,2020-07-10 21:48:30,20.5,-10.07,93.04,17,0,9.15
534,Lubao,PH,2020-07-10 21:48:30,14.92,120.55,79.0,91,100,1.99
535,San Jeronimo,PE,2020-07-10 21:48:30,-11.95,-75.28,58.1,42,11,2.06
536,Jibuti,DJ,2020-07-10 21:48:30,11.5,42.5,102.2,17,75,8.05
537,Mumford,GH,2020-07-10 21:48:30,5.26,-0.76,75.2,89,100,11.16
538,Palanga,LT,2020-07-10 21:45:11,55.92,21.07,60.8,100,75,6.93
539,Bay City,US,2020-07-10 21:47:50,43.59,-83.89,82.4,58,1,5.82
540,Macau,MO,2020-07-10 21:48:31,22.2,113.55,86.0,89,40,14.99
541,Gat,IL,2020-07-10 21:48:31,31.61,34.76,79.0,73,0,1.28
542,Benjamin Aceval,PY,2020-07-10 21:48:31,-24.97,-57.57,75.2,64,0,10.29
543,Bozoum,CF,2020-07-10 21:48:31,6.32,16.38,69.53,94,100,3.76
544,Yarovoye,RU,2020-07-10 21:48:32,52.93,78.58,58.8,84,0,6.67
545,Faanui,PF,2020-07-10 21:47:15,-16.48,-151.75,77.94,81,37,21.92
546,Lexington-Fayette,US,2020-07-10 21:48:32,38.05,-84.46,86.0,58,20,18.34
547,Kenora,CA,2020-07-10 21:48:32,49.82,-94.43,77.0,47,75,11.41
548,Pangoa,PE,2020-07-10 21:48:33,-12.12,-73.0,75.06,71,6,1.92
549,Honningsvag,NO,2020-07-10 21:48:33,70.98,25.97,46.4,87,75,8.05
550,Hamilton,US,2020-07-10 21:45:30,39.18,-84.53,84.2,58,40,18.34
551,Aswan,EG,2020-07-10 21:44:47,24.09,32.91,86.97,22,0,8.37
552,Sorland,NO,2020-07-10 21:48:33,67.67,12.69,52.29,85,19,12.64
553,Nara,JP,2020-07-10 21:48:33,34.69,135.8,81.0,88,75,6.93
554,Phalombe,MW,2020-07-10 21:48:34,-15.81,35.65,63.73,76,0,2.21
555,Poole,GB,2020-07-10 21:48:34,50.72,-2.0,57.99,71,4,8.05
556,San Policarpo,PH,2020-07-10 21:48:35,12.18,125.51,81.95,79,100,5.41
557,Celestun,MX,2020-07-10 21:48:35,20.87,-90.4,87.8,67,96,19.89
558,Quelimane,MZ,2020-07-10 21:48:35,-17.88,36.89,67.3,94,0,4.85
559,Araouane,ML,2020-07-10 21:46:59,18.9,-3.53,97.38,26,28,6.89
560,Maputo,MZ,2020-07-10 21:48:35,-25.97,32.59,80.6,42,75,16.11
561,Russell,US,2020-07-10 21:48:36,32.35,-85.2,95.0,56,1,8.05
562,Maceio,BR,2020-07-10 21:44:19,-9.67,-35.74,77.0,78,20,4.7
563,Launceston,AU,2020-07-10 21:48:36,-41.45,147.17,36.0,100,75,6.93
564,Pezinok,SK,2020-07-10 21:48:36,48.29,17.27,78.8,47,1,6.93
565,Deputatskiy,RU,2020-07-10 21:44:18,69.3,139.9,60.19,58,32,3.2
566,Cristalina,BR,2020-07-10 21:48:36,-16.77,-47.61,61.66,45,11,4.07
567,Lancaster,US,2020-07-10 21:48:06,40.25,-76.25,75.2,88,90,12.75
568,Calama,CL,2020-07-10 21:48:37,-22.47,-68.93,66.2,4,0,18.34
569,Nhulunbuy,AU,2020-07-10 21:48:37,-12.23,136.77,77.0,83,90,8.05
570,Riyadh,SA,2020-07-10 21:48:02,24.69,46.72,93.2,15,0,5.82
571,Dudinka,RU,2020-07-10 21:48:37,69.41,86.18,51.8,87,0,11.18
572,Gornji Milanovac,RS,2020-07-10 21:48:37,44.03,20.45,68.0,82,41,1.12
573,San Vicente,AR,2020-07-10 21:48:37,-26.62,-54.13,57.2,89,0,4.03
574,Sorong,ID,2020-07-10 21:48:37,-0.88,131.25,77.4,89,11,6.64
575,Worcester,US,2020-07-10 21:48:37,42.33,-71.83,78.8,78,75,12.75
